site_id,small_area_id,population,share_0_14,share_15_24,share_65_plus,households,population_density,missing_join,missing_saps,missing_osm,coverage,childcare_within_400m,childcare_within_800m,childcare_nearest_m,study_within_400m,study_within_800m,study_nearest_m,repair_within_400m,repair_within_800m,repair_nearest_m,community_within_400m,community_within_800m,community_nearest_m
DS040,4c07d11e-28e7-851d-e053-ca3ca8c0ca7f,175.0,0.05142857142857143,0.12571428571428572,0.022857142857142857,92.0,4648.370809882193,False,False,False,1.0,0,1,495.0,0,2,720.2,2,3,103.7,0,5,467.0
DS1005,4c07d11e-3848-851d-e053-ca3ca8c0ca7f,259.0,0.16216216216216217,0.09652509652509653,0.04633204633204633,116.0,9822.00349280165,False,False,False,1.0,0,3,464.0,4,8,114.3,2,30,225.7,6,12,114.3
DS1006,4c07d11e-3ba5-851d-e053-ca3ca8c0ca7f,320.0,0.05625,0.10625,0.021875,131.0,41468.949102070925,False,False,False,1.0,0,3,469.0,1,7,317.2,2,18,187.7,6,23,169.8
DS1012,4c07d11e-2ad9-851d-e053-ca3ca8c0ca7f,268.0,0.19402985074626866,0.07462686567164178,0.19776119402985073,106.0,4666.391464500238,False,False,False,1.0,0,0,,1,2,201.2,1,1,222.4,2,4,260.2
DS1017,4c07d11e-384a-851d-e053-ca3ca8c0ca7f,323.0,0.13622291021671826,0.0804953560371517,0.018575851393188854,152.0,10276.367194709335,False,False,False,1.0,1,3,391.7,3,8,209.5,2,12,234.8,5,10,89.3
DS1040B,4c07d11e-3810-851d-e053-ca3ca8c0ca7f,623.0,0.1781701444622793,0.16211878009630817,0.0738362760834671,108.0,22468.143481170555,False,False,False,1.0,2,5,232.8,1,6,345.2,4,15,216.0,10,34,79.4
DS1040C,4c07d11e-3810-851d-e053-ca3ca8c0ca7f,623.0,0.1781701444622793,0.16211878009630817,0.0738362760834671,108.0,22468.143481170555,False,False,False,1.0,2,5,231.1,1,6,350.9,4,15,222.1,10,34,75.0
DS1053,4c07d11e-2b6c-851d-e053-ca3ca8c0ca7f,184.0,0.22826086956521738,0.1793478260869565,0.10869565217391304,55.0,4432.60821861339,False,False,False,1.0,0,3,484.3,3,15,150.9,4,7,159.7,3,13,168.9
DS1066,4c07d11e-389d-851d-e053-ca3ca8c0ca7f,206.0,0.06310679611650485,0.13106796116504854,0.1407766990291262,98.0,8610.108147461968,False,False,False,1.0,0,1,716.2,0,3,405.7,3,7,245.5,2,9,324.5
DS1105,4c07d11e-30a8-851d-e053-ca3ca8c0ca7f,454.0,0.14977973568281938,0.11894273127753303,0.046255506607929514,169.0,12935.447075846208,False,False,False,1.0,0,1,418.4,3,5,159.8,1,4,159.9,4,7,110.9
DS1121A,4c07d11e-34d2-851d-e053-ca3ca8c0ca7f,138.0,0.050724637681159424,0.15942028985507245,0.12318840579710146,74.0,4764.8382993804935,False,False,False,1.0,1,2,100.1,4,7,136.3,6,13,131.0,5,17,35.7
DS1122,4c07d11e-343f-851d-e053-ca3ca8c0ca7f,414.0,0.1956521739130435,0.11594202898550725,0.05555555555555555,152.0,5565.616943360094,False,False,False,1.0,0,0,,2,5,280.1,2,4,195.3,3,10,236.2
DS1123,4c07d11e-30db-851d-e053-ca3ca8c0ca7f,335.0,0.14626865671641792,0.1044776119402985,0.1044776119402985,141.0,20040.979978841235,False,False,False,1.0,0,0,,2,6,280.3,1,4,200.7,3,10,241.6
DS1124,4c07d11e-30db-851d-e053-ca3ca8c0ca7f,335.0,0.14626865671641792,0.1044776119402985,0.1044776119402985,141.0,20040.979978841235,False,False,False,1.0,0,0,,2,6,281.2,1,4,206.2,3,10,247.1
DS1125,4c07d11e-30db-851d-e053-ca3ca8c0ca7f,335.0,0.14626865671641792,0.1044776119402985,0.1044776119402985,141.0,20040.979978841235,False,False,False,1.0,0,0,,2,6,282.5,2,4,211.6,3,10,252.5
DS1126,4c07d11e-30db-851d-e053-ca3ca8c0ca7f,335.0,0.14626865671641792,0.1044776119402985,0.1044776119402985,141.0,20040.979978841235,False,False,False,1.0,0,0,,2,6,283.9,2,4,220.3,3,11,261.2
DS1127,4c07d11e-30db-851d-e053-ca3ca8c0ca7f,335.0,0.14626865671641792,0.1044776119402985,0.1044776119402985,141.0,20040.979978841235,False,False,False,1.0,0,0,,2,6,285.3,2,4,228.1,3,11,269.0
DS1128,4c07d11e-30db-851d-e053-ca3ca8c0ca7f,335.0,0.14626865671641792,0.1044776119402985,0.1044776119402985,141.0,20040.979978841235,False,False,False,1.0,0,0,,2,6,287.5,2,4,237.8,3,11,278.7
DS1161,4c07d11e-3a49-851d-e053-ca3ca8c0ca7f,127.0,0.13385826771653545,0.07874015748031496,0.09448818897637795,65.0,13288.582086792654,False,False,False,1.0,0,2,416.1,2,4,220.3,0,6,505.7,2,6,220.3
DS1195,4c07d11e-3458-851d-e053-ca3ca8c0ca7f,235.0,0.06808510638297872,0.19574468085106383,0.09361702127659574,89.0,12433.063740713405,False,False,False,1.0,0,3,481.5,0,1,519.3,3,12,274.4,3,9,261.6
DS1218,4c07d11e-3815-851d-e053-ca3ca8c0ca7f,239.0,0.100418410041841,0.13807531380753138,0.12552301255230125,90.0,15234.146830415268,False,False,False,1.0,0,2,649.0,4,8,179.4,5,30,183.3,5,14,179.4
DS1247,4c07d11e-168c-851d-e053-ca3ca8c0ca7f,311.0,0.1382636655948553,0.09003215434083602,0.1157556270096463,107.0,2541.4522320337146,False,False,False,1.0,1,4,90.2,0,4,630.7,1,8,208.2,0,9,617.8
DS1263,4c07d11e-33fe-851d-e053-ca3ca8c0ca7f,214.0,0.08411214953271028,0.06542056074766354,0.38317757009345793,96.0,6605.643767266938,False,False,False,1.0,1,1,308.0,0,0,,0,2,451.0,2,3,185.6
DS1276,4c07d11e-39dd-851d-e053-ca3ca8c0ca7f,138.0,0.09420289855072464,0.11594202898550725,0.10144927536231885,60.0,8159.300273759133,False,False,False,1.0,1,5,371.2,1,1,305.0,7,12,39.5,2,10,247.6
DS1280B,4c07d11e-3469-851d-e053-ca3ca8c0ca7f,257.0,0.10505836575875487,0.11284046692607004,0.058365758754863814,118.0,16725.440971501837,False,False,False,1.0,1,4,399.8,1,3,241.2,4,17,42.7,1,8,241.2
DS1281,4c07d11e-1687-851d-e053-ca3ca8c0ca7f,348.0,0.10057471264367816,0.12643678160919541,0.1896551724137931,149.0,1880.512041101302,False,False,False,1.0,0,0,,0,4,562.5,1,6,192.0,0,4,562.5
DS1287,4c07d11e-38e2-851d-e053-ca3ca8c0ca7f,215.0,0.20930232558139536,0.07906976744186046,0.19534883720930232,79.0,5505.054772148104,False,False,False,1.0,0,1,655.6,0,1,711.7,0,2,552.2,1,3,349.4
DS1296,4c07d11e-39f7-851d-e053-ca3ca8c0ca7f,240.0,0.07083333333333333,0.14166666666666666,0.1,129.0,14575.03233879853,False,False,False,1.0,0,8,420.2,1,6,51.0,4,21,287.8,3,9,51.0
DS1311,4c07d11e-3346-851d-e053-ca3ca8c0ca7f,301.0,0.6345514950166113,0.046511627906976744,0.026578073089700997,24.0,20875.52476598259,False,False,False,1.0,1,5,52.1,6,20,48.6,3,27,64.7,5,24,48.6
DS1336,4c07d11e-3570-851d-e053-ca3ca8c0ca7f,266.0,0.09774436090225563,0.12781954887218044,0.05263157894736842,119.0,15542.644302821624,False,False,False,1.0,0,0,,5,5,188.0,2,4,147.0,6,10,175.8
DS1363,4c07d11e-3904-851d-e053-ca3ca8c0ca7f,138.0,0.043478260869565216,0.09420289855072464,0.06521739130434782,66.0,10918.878811616436,False,False,False,1.0,1,2,218.3,4,9,136.0,2,12,89.2,4,23,136.0
DS1368,4c07d11e-39b0-851d-e053-ca3ca8c0ca7f,226.0,0.11504424778761062,0.08849557522123894,0.03982300884955752,96.0,14967.564667298822,False,False,False,1.0,1,1,273.6,2,4,135.0,0,4,557.6,2,5,369.9
DS1369,4c07d11e-2b1c-851d-e053-ca3ca8c0ca7f,205.0,0.16097560975609757,0.05365853658536585,0.014634146341463415,99.0,2402.6236168140645,False,False,False,1.0,1,2,350.3,0,2,584.1,1,5,202.7,1,4,226.5
DS1371,4c07d11e-3895-851d-e053-ca3ca8c0ca7f,252.0,0.1111111111111111,0.14682539682539683,0.10317460317460317,112.0,13619.534165615882,False,False,False,1.0,2,4,81.0,1,5,113.4,3,25,300.9,8,24,113.4
DS1373,4c07d11e-30b6-851d-e053-ca3ca8c0ca7f,378.0,0.24338624338624337,0.09523809523809523,0.08465608465608465,130.0,10207.534395348943,False,False,False,1.0,0,1,492.5,0,3,582.5,0,1,779.9,0,5,568.2
DS1380,4c07d11e-3695-851d-e053-ca3ca8c0ca7f,283.0,0.13074204946996468,0.053003533568904596,0.07420494699646643,122.0,6366.650024954856,False,False,False,1.0,1,3,268.6,0,0,,0,0,,2,3,109.4
DS1386,4c07d11e-3866-851d-e053-ca3ca8c0ca7f,231.0,0.1471861471861472,0.08658008658008658,0.13852813852813853,102.0,6529.730285774734,False,False,False,1.0,0,0,,1,4,196.6,3,22,356.5,2,8,196.6
DS1391,4c07d11e-3964-851d-e053-ca3ca8c0ca7f,108.0,0.12962962962962962,0.08333333333333333,0.17592592592592593,55.0,6291.12318913896,False,False,False,1.0,5,10,154.3,2,7,165.7,1,7,300.8,3,16,165.7
DS1412,4c07d11e-21bf-851d-e053-ca3ca8c0ca7f,231.0,0.13852813852813853,0.11688311688311688,0.2077922077922078,95.0,4099.382289795024,False,False,False,1.0,1,3,392.0,3,6,192.3,7,12,159.4,3,7,330.5
DS1417,4c07d11e-2d19-851d-e053-ca3ca8c0ca7f,251.0,0.10358565737051793,0.12350597609561753,0.199203187250996,94.0,1884.489416191857,False,False,False,1.0,0,2,443.8,0,5,413.2,6,11,184.6,3,7,101.5
DS1516,4c07d11e-2a91-851d-e053-ca3ca8c0ca7f,290.0,0.16896551724137931,0.08620689655172414,0.1793103448275862,118.0,9021.775197063862,False,False,False,1.0,0,1,660.2,0,3,658.4,0,2,455.4,0,5,658.4
DS1518,4c07d11e-343f-851d-e053-ca3ca8c0ca7f,414.0,0.1956521739130435,0.11594202898550725,0.05555555555555555,152.0,5565.616943360094,False,False,False,1.0,0,0,,2,5,279.7,2,4,189.7,3,10,230.6
DS1526,4c07d11e-2116-851d-e053-ca3ca8c0ca7f,199.0,0.135678391959799,0.09547738693467336,0.09045226130653267,78.0,5489.037346297256,False,False,False,1.0,0,1,588.4,0,1,564.0,2,7,247.2,0,1,564.0
DS1547,4c07d11e-2d5d-851d-e053-ca3ca8c0ca7f,970.0,0.5103092783505154,0.05670103092783505,0.03608247422680412,113.0,29552.789952718485,False,False,False,1.0,2,5,211.5,1,3,217.5,2,24,344.7,8,22,132.1
DS1562,4c07d11e-2aa5-851d-e053-ca3ca8c0ca7f,211.0,0.15165876777251186,0.08056872037914692,0.17535545023696683,87.0,3187.1403611154174,False,False,False,1.0,0,1,632.4,1,4,241.2,0,2,537.1,1,7,241.2
DS1563,4c07d11e-2d36-851d-e053-ca3ca8c0ca7f,163.0,0.06748466257668712,0.07975460122699386,0.1656441717791411,75.0,1431.9213833358413,False,False,False,1.0,0,2,403.5,0,4,579.8,1,7,277.2,2,7,105.9
DS1572,4c07d11e-37ec-851d-e053-ca3ca8c0ca7f,202.0,0.08415841584158416,0.10396039603960396,0.31683168316831684,83.0,4555.686269885342,False,False,False,1.0,1,3,369.7,1,7,244.9,0,0,,0,8,442.4
DS1581,4c07d11e-30b6-851d-e053-ca3ca8c0ca7f,378.0,0.24338624338624337,0.09523809523809523,0.08465608465608465,130.0,10207.534395348943,False,False,False,1.0,0,1,631.7,0,4,637.6,0,0,,0,6,580.6
DS1585,4c07d11e-2a50-851d-e053-ca3ca8c0ca7f,292.0,0.20205479452054795,0.136986301369863,0.1643835616438356,104.0,3274.013002681324,False,False,False,1.0,0,0,,0,1,442.3,0,2,480.3,0,2,424.6
DS1596,4c07d11e-3866-851d-e053-ca3ca8c0ca7f,231.0,0.1471861471861472,0.08658008658008658,0.13852813852813853,102.0,6529.730285774734,False,False,False,1.0,0,0,,1,4,193.7,3,22,376.0,2,7,193.7
DS1600,4c07d11e-3bbb-851d-e053-ca3ca8c0ca7f,225.0,0.1688888888888889,0.09777777777777778,0.17333333333333334,87.0,7497.288249370392,False,False,False,1.0,0,4,471.1,2,4,359.0,0,2,601.2,3,6,359.0
DS1601,4c07d11e-2174-851d-e053-ca3ca8c0ca7f,183.0,0.12021857923497267,0.1366120218579235,0.09836065573770492,74.0,7474.063192944745,False,False,False,1.0,3,4,80.9,0,6,449.1,0,3,401.0,2,9,74.4
DS1615,4c07d11e-3475-851d-e053-ca3ca8c0ca7f,322.0,0.14596273291925466,0.14596273291925466,0.09627329192546584,139.0,8546.720360545152,False,False,False,1.0,0,1,790.7,1,2,301.8,0,8,435.7,1,4,301.8
DS1616,4c07d11e-261e-851d-e053-ca3ca8c0ca7f,193.0,0.15544041450777202,0.08290155440414508,0.11398963730569948,90.0,8126.0245653944385,False,False,False,1.0,1,4,130.8,0,2,759.6,2,2,118.3,1,7,275.4
DS1634A,4c07d11e-30b9-851d-e053-ca3ca8c0ca7f,247.0,0.11740890688259109,0.12550607287449392,0.07692307692307693,119.0,10989.281569323608,False,False,False,1.0,0,1,466.6,0,3,572.5,0,1,755.2,0,5,575.2
DS1644,efe0d459-a40a-4d75-a06f-4c36fb134582,163.0,0.11042944785276074,0.0736196319018405,0.3067484662576687,78.0,5141.635968778016,False,False,False,1.0,0,1,689.2,0,2,733.4,4,5,94.9,0,2,733.4
DS1650,4c07d11e-360f-851d-e053-ca3ca8c0ca7f,353.0,0.1671388101983003,0.1048158640226629,0.11331444759206799,140.0,10068.322483880938,False,False,False,1.0,0,3,435.5,1,3,215.6,1,6,302.2,1,4,371.8
DS1655,4c07d11e-3810-851d-e053-ca3ca8c0ca7f,623.0,0.1781701444622793,0.16211878009630817,0.0738362760834671,108.0,22468.143481170555,False,False,False,1.0,2,5,207.1,0,6,407.9,4,14,278.7,10,33,70.3
DS1662,4c07d11e-16b3-851d-e053-ca3ca8c0ca7f,320.0,0.259375,0.08125,0.115625,105.0,2464.9656066676507,False,False,False,1.0,0,2,552.5,0,1,588.2,0,1,593.4,0,2,522.1
DS1669,4c07d11e-346d-851d-e053-ca3ca8c0ca7f,194.0,0.0979381443298969,0.08247422680412371,0.14948453608247422,89.0,10971.142088280307,False,False,False,1.0,1,9,383.9,1,7,188.5,1,19,382.9,3,10,188.5
DS1688,4c07d11e-38b7-851d-e053-ca3ca8c0ca7f,123.0,0.0975609756097561,0.08130081300813008,0.13008130081300814,53.0,8585.910263440153,False,False,False,1.0,0,1,609.0,1,3,135.5,2,14,186.8,2,12,135.5
DS1693,4c07d11e-307c-851d-e053-ca3ca8c0ca7f,332.0,0.12650602409638553,0.12650602409638553,0.15060240963855423,126.0,9692.12591864915,False,False,False,1.0,0,1,565.3,0,4,502.2,0,4,629.5,0,3,502.2
DS1744,4c07d11e-2bbc-851d-e053-ca3ca8c0ca7f,254.0,0.11811023622047244,0.0984251968503937,0.12992125984251968,119.0,10716.722452163693,False,False,False,1.0,1,3,359.7,2,6,27.7,3,7,186.1,4,8,27.7
DS1748A,4c07d11e-35a8-851d-e053-ca3ca8c0ca7f,302.0,0.07947019867549669,0.12251655629139073,0.039735099337748346,96.0,36202.59900372378,False,False,False,1.0,2,3,267.5,1,7,148.0,2,13,109.1,10,24,148.0
DS1748B,4c07d11e-35a8-851d-e053-ca3ca8c0ca7f,302.0,0.07947019867549669,0.12251655629139073,0.039735099337748346,96.0,36202.59900372378,False,False,False,1.0,2,3,272.8,1,7,149.0,2,14,110.0,10,24,149.0
DS1753,4c07d11e-30d2-851d-e053-ca3ca8c0ca7f,445.0,0.18876404494382024,0.15280898876404495,0.07640449438202247,154.0,5412.120717864184,False,False,False,1.0,0,0,,0,3,425.3,1,12,382.3,4,6,136.6
DS1772,4c07d11e-3893-851d-e053-ca3ca8c0ca7f,539.0,0.05194805194805195,0.45640074211502785,0.0055658627087198514,145.0,29602.635922274512,False,False,False,1.0,4,5,251.1,0,5,423.4,1,27,219.1,9,27,152.5
DS1789,4c07d11e-335c-851d-e053-ca3ca8c0ca7f,207.0,0.18840579710144928,0.11594202898550725,0.09178743961352658,88.0,10342.551477215648,False,False,False,1.0,2,3,212.4,2,15,269.8,2,10,133.0,5,21,168.8
DS1797,4c07d11e-383f-851d-e053-ca3ca8c0ca7f,235.0,0.09787234042553192,0.12340425531914893,0.1829787234042553,113.0,4085.8929727250184,False,False,False,1.0,2,3,31.2,0,14,412.2,2,13,360.4,5,29,48.0
DS1844,4c07d11e-38cb-851d-e053-ca3ca8c0ca7f,264.0,0.10606060606060606,0.10227272727272728,0.14393939393939395,114.0,8369.868418627328,False,False,False,1.0,0,1,668.3,1,3,197.9,2,7,196.4,2,11,174.0
DS1850,4c07d11e-04c2-851d-e053-ca3ca8c0ca7f,533.0,0.08442776735459662,0.4202626641651032,0.016885553470919325,53.0,2403.8796607075233,False,False,False,1.0,1,3,386.1,7,16,122.9,5,30,172.6,8,30,98.0
DS1859,4c07d11e-3520-851d-e053-ca3ca8c0ca7f,120.0,0.10833333333333334,0.15,0.05,57.0,18422.336394424467,False,False,False,1.0,0,0,,3,6,124.7,0,4,446.4,5,8,108.1
DS1868,4c07d11e-2cec-851d-e053-ca3ca8c0ca7f,267.0,0.14606741573033707,0.12359550561797752,0.11235955056179775,104.0,7745.347937891008,False,False,False,1.0,0,1,662.4,2,2,338.9,1,1,372.0,2,3,338.9
DS1909,4c07d11e-3810-851d-e053-ca3ca8c0ca7f,623.0,0.1781701444622793,0.16211878009630817,0.0738362760834671,108.0,22468.143481170555,False,False,False,1.0,2,5,205.0,0,5,414.0,4,13,286.9,10,33,75.2
DS1916,4c07d11e-3849-851d-e053-ca3ca8c0ca7f,251.0,0.12749003984063745,0.08366533864541832,0.16733067729083664,119.0,6488.722559276833,False,False,False,1.0,0,2,732.2,2,8,294.0,4,29,205.5,4,11,294.0
DS1948,4c07d11e-2b27-851d-e053-ca3ca8c0ca7f,230.0,0.021739130434782608,0.16956521739130434,0.06956521739130435,77.0,4573.756263644226,False,False,False,1.0,1,6,304.3,2,12,176.1,0,8,535.8,2,12,207.4
DS1982,4c07d11e-2a81-851d-e053-ca3ca8c0ca7f,197.0,0.14720812182741116,0.1065989847715736,0.17258883248730963,75.0,5101.201394575668,False,False,False,1.0,0,2,433.0,0,2,567.6,0,0,,0,5,567.6
DS1999,4c07d11e-3998-851d-e053-ca3ca8c0ca7f,199.0,0.15577889447236182,0.11557788944723618,0.04020100502512563,81.0,21486.15003035168,False,False,False,1.0,1,4,398.6,3,5,25.3,2,3,129.0,4,8,25.3
DS2004,4c07d11e-2cc6-851d-e053-ca3ca8c0ca7f,244.0,0.1721311475409836,0.14754098360655737,0.14754098360655737,84.0,5534.567585136922,False,False,False,1.0,0,0,,0,1,678.0,0,2,529.1,0,1,678.0
DS2006,4c07d11e-33ce-851d-e053-ca3ca8c0ca7f,233.0,0.12446351931330472,0.1630901287553648,0.0944206008583691,91.0,8929.904903118457,False,False,False,1.0,0,2,486.4,3,5,154.6,1,6,364.6,4,9,74.4
DS2010,4c07d11e-388a-851d-e053-ca3ca8c0ca7f,371.0,0.11320754716981132,0.12668463611859837,0.09164420485175202,158.0,11639.201748116799,False,False,False,1.0,0,3,642.5,1,2,348.8,1,9,285.8,3,8,54.5
DS2030,4c07d11e-3820-851d-e053-ca3ca8c0ca7f,278.0,0.14028776978417265,0.11510791366906475,0.15467625899280577,99.0,5753.143441679946,False,False,False,1.0,0,2,779.5,2,9,193.9,5,27,191.8,4,15,193.9
DS2034,4c07d11e-364e-851d-e053-ca3ca8c0ca7f,197.0,0.15736040609137056,0.1319796954314721,0.2131979695431472,73.0,10244.335557178063,False,False,False,1.0,0,2,423.9,1,3,361.8,0,1,643.1,1,6,361.8
DS2043,4c07d11e-04ee-851d-e053-ca3ca8c0ca7f,304.0,0.17763157894736842,0.12828947368421054,0.16447368421052633,112.0,2876.577492226119,False,False,False,1.0,0,0,,0,0,,0,0,,1,2,151.8
DS2044,4c07d11e-3342-851d-e053-ca3ca8c0ca7f,259.0,0.138996138996139,0.18532818532818532,0.13513513513513514,98.0,8966.054066151059,False,False,False,1.0,0,2,540.0,0,1,577.2,2,4,347.0,1,10,357.7
DS2062,4c07d11e-2117-851d-e053-ca3ca8c0ca7f,191.0,0.13089005235602094,0.13089005235602094,0.1518324607329843,74.0,6471.188524247575,False,False,False,1.0,0,1,577.5,0,1,561.6,2,7,336.5,0,1,561.6
DS2068,4c07d11e-35ad-851d-e053-ca3ca8c0ca7f,332.0,0.25301204819277107,0.13855421686746988,0.15060240963855423,97.0,9589.96596625847,False,False,False,1.0,1,2,358.2,0,1,420.4,2,5,229.0,0,2,420.4
DS2071,4c07d11e-359b-851d-e053-ca3ca8c0ca7f,705.0,0.07375886524822695,0.5801418439716312,0.011347517730496455,77.0,42179.05456728652,False,False,False,1.0,2,3,226.9,1,6,340.0,3,18,95.9,8,26,178.8
DS2072,4c07d11e-359b-851d-e053-ca3ca8c0ca7f,705.0,0.07375886524822695,0.5801418439716312,0.011347517730496455,77.0,42179.05456728652,False,False,False,1.0,2,3,226.1,1,6,343.8,3,18,99.6,8,26,181.2
DS2073,4c07d11e-359b-851d-e053-ca3ca8c0ca7f,705.0,0.07375886524822695,0.5801418439716312,0.011347517730496455,77.0,42179.05456728652,False,False,False,1.0,2,3,222.2,2,6,352.6,3,19,109.1,8,26,175.1
DS2096,4c07d11e-34b2-851d-e053-ca3ca8c0ca7f,272.0,0.1323529411764706,0.09558823529411764,0.21323529411764705,106.0,9665.11731028534,False,False,False,1.0,0,5,506.2,1,3,290.3,0,5,509.0,0,4,454.0
DS2105,4c07d11e-34dd-851d-e053-ca3ca8c0ca7f,336.0,0.15476190476190477,0.13095238095238096,0.21726190476190477,128.0,6467.762180174046,False,False,False,1.0,1,3,253.2,2,7,186.6,0,2,633.9,3,9,186.6
DS2116,4c07d11e-3545-851d-e053-ca3ca8c0ca7f,293.0,0.17406143344709898,0.13310580204778158,0.09215017064846416,105.0,7605.375058993659,False,False,False,1.0,6,10,66.2,3,8,151.2,3,8,324.8,6,18,129.0
DS2141,4c07d11e-36d9-851d-e053-ca3ca8c0ca7f,226.0,0.09292035398230089,0.0752212389380531,0.061946902654867256,134.0,23624.253807177545,False,False,False,1.0,0,0,,0,2,708.7,0,9,476.3,0,5,406.4
DS2172,4c07d11e-359b-851d-e053-ca3ca8c0ca7f,705.0,0.07375886524822695,0.5801418439716312,0.011347517730496455,77.0,42179.05456728652,False,False,False,1.0,1,3,340.4,1,6,142.1,3,14,142.6,7,23,142.1
DS2196,4c07d11e-2916-851d-e053-ca3ca8c0ca7f,156.0,0.07692307692307693,0.09615384615384616,0.02564102564102564,66.0,856.3792084673332,False,False,False,1.0,1,2,370.5,2,8,305.0,2,10,139.2,1,16,361.8
DS250,4c07d11e-3468-851d-e053-ca3ca8c0ca7f,132.0,0.015151515151515152,0.03787878787878788,0.18181818181818182,98.0,5233.274671472165,False,False,False,1.0,2,4,88.4,0,2,438.3,4,8,292.7,1,9,105.1
DS492,4c07d11e-3458-851d-e053-ca3ca8c0ca7f,235.0,0.06808510638297872,0.19574468085106383,0.09361702127659574,89.0,12433.063740713405,False,False,False,1.0,0,3,471.7,0,1,515.8,3,12,268.5,3,9,271.3
DS514A,4c07d11e-3895-851d-e053-ca3ca8c0ca7f,252.0,0.1111111111111111,0.14682539682539683,0.10317460317460317,112.0,13619.534165615882,False,False,False,1.0,2,4,75.0,1,5,113.0,3,25,294.1,8,24,113.0
DS536,4c07d11e-3319-851d-e053-ca3ca8c0ca7f,162.0,0.18518518518518517,0.1111111111111111,0.11728395061728394,69.0,7862.7048757830535,False,False,False,1.0,0,2,474.7,0,3,420.9,0,8,484.6,3,9,287.0
DS575A,4c07d11e-2b33-851d-e053-ca3ca8c0ca7f,936.0,0.3685897435897436,0.07371794871794872,0.06303418803418803,88.0,6421.595750896919,False,False,False,1.0,1,6,391.4,1,17,192.5,0,9,551.3,3,14,269.5
DS576,4c07d11e-35d4-851d-e053-ca3ca8c0ca7f,308.0,0.06168831168831169,0.1525974025974026,0.11688311688311688,146.0,12489.575333922137,False,False,False,1.0,1,1,269.9,2,4,337.8,6,9,212.7,2,10,344.2
DS580,4c07d11e-35dd-851d-e053-ca3ca8c0ca7f,705.0,0.150354609929078,0.5886524822695035,0.005673758865248227,73.0,33348.55793337316,False,False,False,1.0,1,2,267.3,2,9,122.1,0,21,471.9,4,20,267.7
DS594A,4c07d11e-2d6c-851d-e053-ca3ca8c0ca7f,208.0,0.038461538461538464,0.11538461538461539,0.19230769230769232,94.0,8323.563239638384,False,False,False,1.0,0,3,654.4,1,5,153.2,17,21,331.2,2,16,127.2
DS595,4c07d11e-2d6c-851d-e053-ca3ca8c0ca7f,208.0,0.038461538461538464,0.11538461538461539,0.19230769230769232,94.0,8323.563239638384,False,False,False,1.0,0,3,646.4,1,5,150.8,17,21,333.3,2,16,128.6
DS691,4c07d11e-360e-851d-e053-ca3ca8c0ca7f,109.0,0.07339449541284404,0.11926605504587157,0.21100917431192662,68.0,4525.167463097619,False,False,False,1.0,0,3,563.7,2,4,222.7,2,8,106.2,3,7,100.2
DS698,4c07d11e-39b0-851d-e053-ca3ca8c0ca7f,226.0,0.11504424778761062,0.08849557522123894,0.03982300884955752,96.0,14967.564667298822,False,False,False,1.0,1,1,165.4,1,4,141.4,0,4,630.1,1,6,385.9
DS704,4c07d11e-35d3-851d-e053-ca3ca8c0ca7f,182.0,0.12087912087912088,0.15934065934065933,0.07142857142857142,71.0,3841.6863421213952,False,False,False,1.0,0,2,466.7,2,4,269.0,8,10,51.8,4,10,205.5
DS705,4c07d11e-35d3-851d-e053-ca3ca8c0ca7f,182.0,0.12087912087912088,0.15934065934065933,0.07142857142857142,71.0,3841.6863421213952,False,False,False,1.0,0,2,468.0,2,4,274.7,8,10,58.2,4,10,209.9
DS743,4c07d11e-3ba4-851d-e053-ca3ca8c0ca7f,285.0,0.07017543859649122,0.09473684210526316,0.017543859649122806,103.0,32670.193131962966,False,False,False,1.0,2,3,225.2,1,7,181.1,4,14,102.8,9,24,83.9
DS784,4c07d11e-38c3-851d-e053-ca3ca8c0ca7f,130.0,0.14615384615384616,0.14615384615384616,0.09230769230769231,51.0,7047.230294952593,False,False,False,1.0,1,3,372.5,1,6,344.5,0,8,446.5,2,10,290.6
DS791,4c07d11e-39db-851d-e053-ca3ca8c0ca7f,127.0,0.14173228346456693,0.13385826771653545,0.12598425196850394,49.0,4989.54493422633,False,False,False,1.0,2,3,222.5,1,6,272.0,5,14,172.0,3,14,154.3
DS843,4c07d11e-34ba-851d-e053-ca3ca8c0ca7f,314.0,0.10509554140127389,0.11464968152866242,0.06050955414012739,133.0,8462.804947396698,False,False,False,1.0,2,7,225.3,2,13,43.3,6,15,48.9,4,15,268.7
DS851,4c07d11e-3455-851d-e053-ca3ca8c0ca7f,217.0,0.08294930875576037,0.08294930875576037,0.08294930875576037,115.0,17399.943827669693,False,False,False,1.0,1,4,261.5,1,1,388.8,6,10,28.4,2,9,240.1
DS864,4c07d11e-21a2-851d-e053-ca3ca8c0ca7f,212.0,0.10849056603773585,0.11320754716981132,0.1509433962264151,89.0,5324.390204839315,False,False,False,1.0,2,9,236.1,2,5,232.4,2,4,282.1,4,13,232.4
DS868,4c07d11e-30b8-851d-e053-ca3ca8c0ca7f,233.0,0.060085836909871244,0.055793991416309016,0.11158798283261803,128.0,7969.940115942746,False,False,False,1.0,0,1,489.1,0,1,644.5,0,1,648.2,0,2,512.0
DS871A,4c07d11e-337f-851d-e053-ca3ca8c0ca7f,174.0,0.09770114942528736,0.10344827586206896,0.13793103448275862,86.0,5212.89891123432,False,False,False,1.0,1,6,381.2,0,4,577.9,3,11,3.4,1,12,59.8
DS884,4c07d11e-30de-851d-e053-ca3ca8c0ca7f,192.0,0.078125,0.13020833333333334,0.16666666666666666,91.0,4701.561876604931,False,False,False,1.0,1,2,294.7,0,1,698.0,5,9,207.9,1,6,306.0
DS887,4c07d11e-0b35-851d-e053-ca3ca8c0ca7f,215.0,0.08372093023255814,0.09767441860465116,0.08837209302325581,114.0,667.1958241734251,False,False,False,1.0,0,0,,0,0,,1,2,244.1,0,1,583.3
DS898,4c07d11e-3695-851d-e053-ca3ca8c0ca7f,283.0,0.13074204946996468,0.053003533568904596,0.07420494699646643,122.0,6366.650024954856,False,False,False,1.0,0,3,433.5,0,0,,0,0,,1,3,85.2
DS899,4c07d11e-3695-851d-e053-ca3ca8c0ca7f,283.0,0.13074204946996468,0.053003533568904596,0.07420494699646643,122.0,6366.650024954856,False,False,False,1.0,0,3,428.4,0,0,,0,0,,1,3,80.5
DS900,4c07d11e-3695-851d-e053-ca3ca8c0ca7f,283.0,0.13074204946996468,0.053003533568904596,0.07420494699646643,122.0,6366.650024954856,False,False,False,1.0,0,3,402.1,0,0,,0,0,,1,3,57.9
DS901,4c07d11e-3695-851d-e053-ca3ca8c0ca7f,283.0,0.13074204946996468,0.053003533568904596,0.07420494699646643,122.0,6366.650024954856,False,False,False,1.0,0,3,402.0,0,0,,0,0,,1,3,50.8
DS902,4c07d11e-3695-851d-e053-ca3ca8c0ca7f,283.0,0.13074204946996468,0.053003533568904596,0.07420494699646643,122.0,6366.650024954856,False,False,False,1.0,0,3,402.3,0,0,,0,0,,1,3,49.3
DS905,4c07d11e-166a-851d-e053-ca3ca8c0ca7f,326.0,0.26380368098159507,0.13496932515337423,0.08895705521472393,100.0,2023.9367595235017,False,False,False,1.0,0,0,,0,0,,0,1,698.0,0,2,607.2
DS911,4c07d11e-38ff-851d-e053-ca3ca8c0ca7f,462.0,0.0367965367965368,0.5757575757575758,0.025974025974025976,71.0,30417.70341770907,False,False,False,1.0,1,2,105.6,4,7,156.9,6,15,116.8,5,18,21.0
DS912,4c07d11e-3857-851d-e053-ca3ca8c0ca7f,298.0,0.0738255033557047,0.1644295302013423,0.06375838926174497,147.0,13605.162155623639,False,False,False,1.0,0,3,465.8,4,9,246.5,6,13,195.8,6,11,66.8
DS928,4c07d11e-3571-851d-e053-ca3ca8c0ca7f,84.0,0.20238095238095238,0.14285714285714285,0.07142857142857142,32.0,3610.4697850004127,False,False,False,1.0,0,0,,5,5,148.9,2,4,193.8,6,9,148.9
DS934,4c07d11e-38ab-851d-e053-ca3ca8c0ca7f,203.0,0.15763546798029557,0.06403940886699508,0.1921182266009852,100.0,9379.369305850472,False,False,False,1.0,0,0,,1,4,120.4,4,7,85.9,2,9,220.3
DS937,4c07d11e-3841-851d-e053-ca3ca8c0ca7f,168.0,0.14285714285714285,0.13690476190476192,0.19642857142857142,67.0,4542.360982888078,False,False,False,1.0,2,2,344.2,2,12,294.5,2,6,198.4,4,12,229.5
DS953,4c07d11e-3695-851d-e053-ca3ca8c0ca7f,283.0,0.13074204946996468,0.053003533568904596,0.07420494699646643,122.0,6366.650024954856,False,False,False,1.0,0,3,413.7,0,0,,0,0,,1,3,67.5
DS954,4c07d11e-3695-851d-e053-ca3ca8c0ca7f,283.0,0.13074204946996468,0.053003533568904596,0.07420494699646643,122.0,6366.650024954856,False,False,False,1.0,0,3,408.5,0,0,,0,0,,1,3,63.1
DS980,4c07d11e-34e4-851d-e053-ca3ca8c0ca7f,193.0,0.09844559585492228,0.09326424870466321,0.03626943005181347,98.0,18704.286160507363,False,False,False,1.0,1,4,248.9,2,14,240.5,8,25,86.4,9,23,76.9
DS982,4c07d11e-38ab-851d-e053-ca3ca8c0ca7f,203.0,0.15763546798029557,0.06403940886699508,0.1921182266009852,100.0,9379.369305850472,False,False,False,1.0,0,0,,1,4,117.2,4,7,81.9,2,9,218.8
